[
    
    {
        "name": "SW1",
        "connection_info": {
            "device_type": "huawei",
            "host": "192.168.11.11",
            "username": "mochine",
            "password": "child233"
        }
    }
    
,

    {
        "name": "SW2",
        "connection_info": {
            "device_type": "huawei",
            "host": "192.168.11.12",
            "username": "mochine",
            "password": "child233"
        }
    }
    
,

    {
        "name": "SW3",
        "connection_info": {
            "device_type": "huawei",
            "host": "192.168.11.13",
            "username": "mochine",
            "password": "child233"
        }
    }
    
,

    {
        "name": "SW4",
        "connection_info": {
            "device_type": "huawei",
            "host": "192.168.11.14",
            "username": "mochine",
            "password": "child233"
        }
    }
    
,

    {
        "name": "SW5",
        "connection_info": {
            "device_type": "huawei",
            "host": "192.168.11.15",
            "username": "mochine",
            "password": "child233"
        }
    }
    
,

    {
        "name": "SW6",
        "connection_info": {
            "device_type": "huawei",
            "host": "192.168.11.16",
            "username": "mochine",
            "password": "child233"
        }
    }
    
,

    {
        "name": "SW7",
        "connection_info": {
            "device_type": "huawei",
            "host": "192.168.11.17",
            "username": "mochine",
            "password": "child233"
        }
    }
    
,

    {
        "name": "AR1",
        "connection_info": {
            "device_type": "huawei",
            "host": "192.168.11.21",
            "username": "mochine",
            "password": "child233"
        }
    }
    
,

    {
        "name": "AR2",
        "connection_info": {
            "device_type": "huawei",
            "host": "192.168.11.22",
            "username": "mochine",
            "password": "child233"
        }
    }
    
,

    {
        "name": "AR3",
        "connection_info": {
            "device_type": "huawei",
            "host": "192.168.11.23",
            "username": "mochine",
            "password": "child233"
        }
    }
    
,

    {
        "name": "AR4",
        "connection_info": {
            "device_type": "huawei",
            "host": "192.168.11.24",
            "username": "mochine",
            "password": "child233"
        }
    }
    
,

    {
        "name": "AR5",
        "connection_info": {
            "device_type": "huawei",
            "host": "192.168.11.25",
            "username": "mochine",
            "password": "child233"
        }
    }
   ]